{
    "ndcg": {
        "NDCG@1": 0.57667,
        "NDCG@3": 0.66893,
        "NDCG@10": 0.68895
    },
    "map": {
        "MAP@1": 0.54928,
        "MAP@3": 0.63643,
        "MAP@10": 0.65147
    },
    "recall": {
        "Recall@1": 0.54928,
        "Recall@3": 0.73756,
        "Recall@10": 0.78656
    },
    "precision": {
        "P@1": 0.57667,
        "P@3": 0.26778,
        "P@10": 0.08733
    },
    "mrr": {
        "MRR@10": 0.6635
    }
}